3,3,1.5,1.0,JT_test,0.1,0.9703
3,3,1.5,1.0,JT_test,0.05,0.88756
3,3,1.5,1.0,JT_test,0.01,0.50697
3,3,1.5,1.0,DD_test,0.1,0.98456
3,3,1.5,1.0,DD_test,0.05,0.94952
3,3,1.5,1.0,DD_test,0.01,0.71125
3,3,1.5,1.1919191919191918,JT_test,0.1,0.94946
3,3,1.5,1.1919191919191918,JT_test,0.05,0.83682
3,3,1.5,1.1919191919191918,JT_test,0.01,0.42679
3,3,1.5,1.1919191919191918,DD_test,0.1,0.96991
3,3,1.5,1.1919191919191918,DD_test,0.05,0.91485
3,3,1.5,1.1919191919191918,DD_test,0.01,0.62369
3,3,1.5,1.3838383838383839,JT_test,0.1,0.92408
3,3,1.5,1.3838383838383839,JT_test,0.05,0.78617
3,3,1.5,1.3838383838383839,JT_test,0.01,0.364
3,3,1.5,1.3838383838383839,DD_test,0.1,0.94967
3,3,1.5,1.3838383838383839,DD_test,0.05,0.8762
3,3,1.5,1.3838383838383839,DD_test,0.01,0.55317
3,3,1.5,1.5757575757575757,JT_test,0.1,0.89774
3,3,1.5,1.5757575757575757,JT_test,0.05,0.73941
3,3,1.5,1.5757575757575757,JT_test,0.01,0.31822
3,3,1.5,1.5757575757575757,DD_test,0.1,0.92724
3,3,1.5,1.5757575757575757,DD_test,0.05,0.83748
3,3,1.5,1.5757575757575757,DD_test,0.01,0.49302
3,3,1.5,1.7676767676767677,JT_test,0.1,0.8705
3,3,1.5,1.7676767676767677,JT_test,0.05,0.69577
3,3,1.5,1.7676767676767677,JT_test,0.01,0.28022
3,3,1.5,1.7676767676767677,DD_test,0.1,0.90521
3,3,1.5,1.7676767676767677,DD_test,0.05,0.7978
3,3,1.5,1.7676767676767677,DD_test,0.01,0.44243
3,3,1.5,1.9595959595959596,JT_test,0.1,0.8446
3,3,1.5,1.9595959595959596,JT_test,0.05,0.65698
3,3,1.5,1.9595959595959596,JT_test,0.01,0.25205
3,3,1.5,1.9595959595959596,DD_test,0.1,0.88097
3,3,1.5,1.9595959595959596,DD_test,0.05,0.76151
3,3,1.5,1.9595959595959596,DD_test,0.01,0.40142
3,3,1.5,2.1515151515151514,JT_test,0.1,0.81939
3,3,1.5,2.1515151515151514,JT_test,0.05,0.62213
3,3,1.5,2.1515151515151514,JT_test,0.01,0.22573
3,3,1.5,2.1515151515151514,DD_test,0.1,0.85591
3,3,1.5,2.1515151515151514,DD_test,0.05,0.72718
3,3,1.5,2.1515151515151514,DD_test,0.01,0.364
3,3,1.5,2.3434343434343434,JT_test,0.1,0.79375
3,3,1.5,2.3434343434343434,JT_test,0.05,0.59053
3,3,1.5,2.3434343434343434,JT_test,0.01,0.20322
3,3,1.5,2.3434343434343434,DD_test,0.1,0.83335
3,3,1.5,2.3434343434343434,DD_test,0.05,0.69633
3,3,1.5,2.3434343434343434,DD_test,0.01,0.33563
3,3,1.5,2.5353535353535355,JT_test,0.1,0.76951
3,3,1.5,2.5353535353535355,JT_test,0.05,0.56037
3,3,1.5,2.5353535353535355,JT_test,0.01,0.18683
3,3,1.5,2.5353535353535355,DD_test,0.1,0.81194
3,3,1.5,2.5353535353535355,DD_test,0.05,0.66785
3,3,1.5,2.5353535353535355,DD_test,0.01,0.31123
3,3,1.5,2.727272727272727,JT_test,0.1,0.74622
3,3,1.5,2.727272727272727,JT_test,0.05,0.53194
3,3,1.5,2.727272727272727,JT_test,0.01,0.16971
3,3,1.5,2.727272727272727,DD_test,0.1,0.78865
3,3,1.5,2.727272727272727,DD_test,0.05,0.63759
3,3,1.5,2.727272727272727,DD_test,0.01,0.28695
3,3,1.5,2.919191919191919,JT_test,0.1,0.72569
3,3,1.5,2.919191919191919,JT_test,0.05,0.50876
3,3,1.5,2.919191919191919,JT_test,0.01,0.15797
3,3,1.5,2.919191919191919,DD_test,0.1,0.7693
3,3,1.5,2.919191919191919,DD_test,0.05,0.61474
3,3,1.5,2.919191919191919,DD_test,0.01,0.26848
3,3,1.5,3.111111111111111,JT_test,0.1,0.70591
3,3,1.5,3.111111111111111,JT_test,0.05,0.48688
3,3,1.5,3.111111111111111,JT_test,0.01,0.14843
3,3,1.5,3.111111111111111,DD_test,0.1,0.75028
3,3,1.5,3.111111111111111,DD_test,0.05,0.59258
3,3,1.5,3.111111111111111,DD_test,0.01,0.25094
3,3,1.5,3.3030303030303028,JT_test,0.1,0.68773
3,3,1.5,3.3030303030303028,JT_test,0.05,0.46625
3,3,1.5,3.3030303030303028,JT_test,0.01,0.13465
3,3,1.5,3.3030303030303028,DD_test,0.1,0.73165
3,3,1.5,3.3030303030303028,DD_test,0.05,0.56997
3,3,1.5,3.3030303030303028,DD_test,0.01,0.23509
3,3,1.5,3.494949494949495,JT_test,0.1,0.66939
3,3,1.5,3.494949494949495,JT_test,0.05,0.44738
3,3,1.5,3.494949494949495,JT_test,0.01,0.12922
3,3,1.5,3.494949494949495,DD_test,0.1,0.7131
3,3,1.5,3.494949494949495,DD_test,0.05,0.5505
3,3,1.5,3.494949494949495,DD_test,0.01,0.22151
3,3,1.5,3.686868686868687,JT_test,0.1,0.6549
3,3,1.5,3.686868686868687,JT_test,0.05,0.43356
3,3,1.5,3.686868686868687,JT_test,0.01,0.11977
3,3,1.5,3.686868686868687,DD_test,0.1,0.69573
3,3,1.5,3.686868686868687,DD_test,0.05,0.53012
3,3,1.5,3.686868686868687,DD_test,0.01,0.21067
3,3,1.5,3.8787878787878785,JT_test,0.1,0.63704
3,3,1.5,3.8787878787878785,JT_test,0.05,0.41512
3,3,1.5,3.8787878787878785,JT_test,0.01,0.11417
3,3,1.5,3.8787878787878785,DD_test,0.1,0.68057
3,3,1.5,3.8787878787878785,DD_test,0.05,0.5151
3,3,1.5,3.8787878787878785,DD_test,0.01,0.19935
3,3,1.5,4.070707070707071,JT_test,0.1,0.62057
3,3,1.5,4.070707070707071,JT_test,0.05,0.40078
3,3,1.5,4.070707070707071,JT_test,0.01,0.10773
3,3,1.5,4.070707070707071,DD_test,0.1,0.66477
3,3,1.5,4.070707070707071,DD_test,0.05,0.49882
3,3,1.5,4.070707070707071,DD_test,0.01,0.18944
3,3,1.5,4.262626262626263,JT_test,0.1,0.60908
3,3,1.5,4.262626262626263,JT_test,0.05,0.38954
3,3,1.5,4.262626262626263,JT_test,0.01,0.10267
3,3,1.5,4.262626262626263,DD_test,0.1,0.64899
3,3,1.5,4.262626262626263,DD_test,0.05,0.48293
3,3,1.5,4.262626262626263,DD_test,0.01,0.18232
3,3,1.5,4.454545454545454,JT_test,0.1,0.5943
3,3,1.5,4.454545454545454,JT_test,0.05,0.37596
3,3,1.5,4.454545454545454,JT_test,0.01,0.09746
3,3,1.5,4.454545454545454,DD_test,0.1,0.63686
3,3,1.5,4.454545454545454,DD_test,0.05,0.46775
3,3,1.5,4.454545454545454,DD_test,0.01,0.173
3,3,1.5,4.646464646464646,JT_test,0.1,0.58369
3,3,1.5,4.646464646464646,JT_test,0.05,0.36537
3,3,1.5,4.646464646464646,JT_test,0.01,0.09368
3,3,1.5,4.646464646464646,DD_test,0.1,0.62714
3,3,1.5,4.646464646464646,DD_test,0.05,0.45943
3,3,1.5,4.646464646464646,DD_test,0.01,0.16843
3,3,1.5,4.838383838383838,JT_test,0.1,0.56951
3,3,1.5,4.838383838383838,JT_test,0.05,0.35442
3,3,1.5,4.838383838383838,JT_test,0.01,0.08883
3,3,1.5,4.838383838383838,DD_test,0.1,0.61363
3,3,1.5,4.838383838383838,DD_test,0.05,0.44411
3,3,1.5,4.838383838383838,DD_test,0.01,0.15804
3,3,1.5,5.03030303030303,JT_test,0.1,0.55752
3,3,1.5,5.03030303030303,JT_test,0.05,0.34322
3,3,1.5,5.03030303030303,JT_test,0.01,0.08489
3,3,1.5,5.03030303030303,DD_test,0.1,0.60318
3,3,1.5,5.03030303030303,DD_test,0.05,0.435
3,3,1.5,5.03030303030303,DD_test,0.01,0.1533
3,3,1.5,5.222222222222222,JT_test,0.1,0.54908
3,3,1.5,5.222222222222222,JT_test,0.05,0.33669
3,3,1.5,5.222222222222222,JT_test,0.01,0.08266
3,3,1.5,5.222222222222222,DD_test,0.1,0.59063
3,3,1.5,5.222222222222222,DD_test,0.05,0.42202
3,3,1.5,5.222222222222222,DD_test,0.01,0.14784
3,3,1.5,5.4141414141414135,JT_test,0.1,0.53655
3,3,1.5,5.4141414141414135,JT_test,0.05,0.32465
3,3,1.5,5.4141414141414135,JT_test,0.01,0.07929
3,3,1.5,5.4141414141414135,DD_test,0.1,0.57964
3,3,1.5,5.4141414141414135,DD_test,0.05,0.41257
3,3,1.5,5.4141414141414135,DD_test,0.01,0.14248
3,3,1.5,5.6060606060606055,JT_test,0.1,0.5281
3,3,1.5,5.6060606060606055,JT_test,0.05,0.31876
3,3,1.5,5.6060606060606055,JT_test,0.01,0.07711
3,3,1.5,5.6060606060606055,DD_test,0.1,0.5691
3,3,1.5,5.6060606060606055,DD_test,0.05,0.40552
3,3,1.5,5.6060606060606055,DD_test,0.01,0.13956
3,3,1.5,5.797979797979798,JT_test,0.1,0.51942
3,3,1.5,5.797979797979798,JT_test,0.05,0.31029
3,3,1.5,5.797979797979798,JT_test,0.01,0.07272
3,3,1.5,5.797979797979798,DD_test,0.1,0.56141
3,3,1.5,5.797979797979798,DD_test,0.05,0.39421
3,3,1.5,5.797979797979798,DD_test,0.01,0.13423
3,3,1.5,5.98989898989899,JT_test,0.1,0.51095
3,3,1.5,5.98989898989899,JT_test,0.05,0.30332
3,3,1.5,5.98989898989899,JT_test,0.01,0.07061
3,3,1.5,5.98989898989899,DD_test,0.1,0.55187
3,3,1.5,5.98989898989899,DD_test,0.05,0.38733
3,3,1.5,5.98989898989899,DD_test,0.01,0.12978
3,3,1.5,6.181818181818182,JT_test,0.1,0.50639
3,3,1.5,6.181818181818182,JT_test,0.05,0.29938
3,3,1.5,6.181818181818182,JT_test,0.01,0.07008
3,3,1.5,6.181818181818182,DD_test,0.1,0.54125
3,3,1.5,6.181818181818182,DD_test,0.05,0.37603
3,3,1.5,6.181818181818182,DD_test,0.01,0.12465
3,3,1.5,6.373737373737374,JT_test,0.1,0.49653
3,3,1.5,6.373737373737374,JT_test,0.05,0.29045
3,3,1.5,6.373737373737374,JT_test,0.01,0.06714
3,3,1.5,6.373737373737374,DD_test,0.1,0.53167
3,3,1.5,6.373737373737374,DD_test,0.05,0.36839
3,3,1.5,6.373737373737374,DD_test,0.01,0.12125
3,3,1.5,6.565656565656565,JT_test,0.1,0.48814
3,3,1.5,6.565656565656565,JT_test,0.05,0.28422
3,3,1.5,6.565656565656565,JT_test,0.01,0.06454
3,3,1.5,6.565656565656565,DD_test,0.1,0.52709
3,3,1.5,6.565656565656565,DD_test,0.05,0.36342
3,3,1.5,6.565656565656565,DD_test,0.01,0.11912
3,3,1.5,6.757575757575757,JT_test,0.1,0.48182
3,3,1.5,6.757575757575757,JT_test,0.05,0.28001
3,3,1.5,6.757575757575757,JT_test,0.01,0.06244
3,3,1.5,6.757575757575757,DD_test,0.1,0.51597
3,3,1.5,6.757575757575757,DD_test,0.05,0.35452
3,3,1.5,6.757575757575757,DD_test,0.01,0.11315
3,3,1.5,6.949494949494949,JT_test,0.1,0.47547
3,3,1.5,6.949494949494949,JT_test,0.05,0.27443
3,3,1.5,6.949494949494949,JT_test,0.01,0.06177
3,3,1.5,6.949494949494949,DD_test,0.1,0.50916
3,3,1.5,6.949494949494949,DD_test,0.05,0.34575
3,3,1.5,6.949494949494949,DD_test,0.01,0.11055
3,3,1.5,7.141414141414141,JT_test,0.1,0.46673
3,3,1.5,7.141414141414141,JT_test,0.05,0.2707
3,3,1.5,7.141414141414141,JT_test,0.01,0.06086
3,3,1.5,7.141414141414141,DD_test,0.1,0.5045
3,3,1.5,7.141414141414141,DD_test,0.05,0.34585
3,3,1.5,7.141414141414141,DD_test,0.01,0.1101
3,3,1.5,7.333333333333333,JT_test,0.1,0.46301
3,3,1.5,7.333333333333333,JT_test,0.05,0.26402
3,3,1.5,7.333333333333333,JT_test,0.01,0.05836
3,3,1.5,7.333333333333333,DD_test,0.1,0.49856
3,3,1.5,7.333333333333333,DD_test,0.05,0.33766
3,3,1.5,7.333333333333333,DD_test,0.01,0.1077
3,3,1.5,7.525252525252525,JT_test,0.1,0.45537
3,3,1.5,7.525252525252525,JT_test,0.05,0.25777
3,3,1.5,7.525252525252525,JT_test,0.01,0.05664
3,3,1.5,7.525252525252525,DD_test,0.1,0.49023
3,3,1.5,7.525252525252525,DD_test,0.05,0.33118
3,3,1.5,7.525252525252525,DD_test,0.01,0.10421
3,3,1.5,7.717171717171717,JT_test,0.1,0.44961
3,3,1.5,7.717171717171717,JT_test,0.05,0.25441
3,3,1.5,7.717171717171717,JT_test,0.01,0.05491
3,3,1.5,7.717171717171717,DD_test,0.1,0.48595
3,3,1.5,7.717171717171717,DD_test,0.05,0.32928
3,3,1.5,7.717171717171717,DD_test,0.01,0.10226
3,3,1.5,7.909090909090908,JT_test,0.1,0.44308
3,3,1.5,7.909090909090908,JT_test,0.05,0.24964
3,3,1.5,7.909090909090908,JT_test,0.01,0.0546
3,3,1.5,7.909090909090908,DD_test,0.1,0.47899
3,3,1.5,7.909090909090908,DD_test,0.05,0.31824
3,3,1.5,7.909090909090908,DD_test,0.01,0.09741
3,3,1.5,8.1010101010101,JT_test,0.1,0.43599
3,3,1.5,8.1010101010101,JT_test,0.05,0.24275
3,3,1.5,8.1010101010101,JT_test,0.01,0.05267
3,3,1.5,8.1010101010101,DD_test,0.1,0.4724
3,3,1.5,8.1010101010101,DD_test,0.05,0.3163
3,3,1.5,8.1010101010101,DD_test,0.01,0.09733
3,3,1.5,8.292929292929292,JT_test,0.1,0.43054
3,3,1.5,8.292929292929292,JT_test,0.05,0.24057
3,3,1.5,8.292929292929292,JT_test,0.01,0.05235
3,3,1.5,8.292929292929292,DD_test,0.1,0.46691
3,3,1.5,8.292929292929292,DD_test,0.05,0.31169
3,3,1.5,8.292929292929292,DD_test,0.01,0.09522
3,3,1.5,8.484848484848484,JT_test,0.1,0.42703
3,3,1.5,8.484848484848484,JT_test,0.05,0.23432
3,3,1.5,8.484848484848484,JT_test,0.01,0.0493
3,3,1.5,8.484848484848484,DD_test,0.1,0.46363
3,3,1.5,8.484848484848484,DD_test,0.05,0.30828
3,3,1.5,8.484848484848484,DD_test,0.01,0.09503
3,3,1.5,8.676767676767676,JT_test,0.1,0.42616
3,3,1.5,8.676767676767676,JT_test,0.05,0.23649
3,3,1.5,8.676767676767676,JT_test,0.01,0.04987
3,3,1.5,8.676767676767676,DD_test,0.1,0.45557
3,3,1.5,8.676767676767676,DD_test,0.05,0.30044
3,3,1.5,8.676767676767676,DD_test,0.01,0.09159
3,3,1.5,8.868686868686869,JT_test,0.1,0.4158
3,3,1.5,8.868686868686869,JT_test,0.05,0.2311
3,3,1.5,8.868686868686869,JT_test,0.01,0.04804
3,3,1.5,8.868686868686869,DD_test,0.1,0.45303
3,3,1.5,8.868686868686869,DD_test,0.05,0.29912
3,3,1.5,8.868686868686869,DD_test,0.01,0.09072
3,3,1.5,9.06060606060606,JT_test,0.1,0.41499
3,3,1.5,9.06060606060606,JT_test,0.05,0.22721
3,3,1.5,9.06060606060606,JT_test,0.01,0.0478
3,3,1.5,9.06060606060606,DD_test,0.1,0.44832
3,3,1.5,9.06060606060606,DD_test,0.05,0.29444
3,3,1.5,9.06060606060606,DD_test,0.01,0.08876
3,3,1.5,9.252525252525253,JT_test,0.1,0.40664
3,3,1.5,9.252525252525253,JT_test,0.05,0.22213
3,3,1.5,9.252525252525253,JT_test,0.01,0.04618
3,3,1.5,9.252525252525253,DD_test,0.1,0.44365
3,3,1.5,9.252525252525253,DD_test,0.05,0.29053
3,3,1.5,9.252525252525253,DD_test,0.01,0.08727
3,3,1.5,9.444444444444445,JT_test,0.1,0.40595
3,3,1.5,9.444444444444445,JT_test,0.05,0.22251
3,3,1.5,9.444444444444445,JT_test,0.01,0.04654
3,3,1.5,9.444444444444445,DD_test,0.1,0.43869
3,3,1.5,9.444444444444445,DD_test,0.05,0.28566
3,3,1.5,9.444444444444445,DD_test,0.01,0.08531
3,3,1.5,9.636363636363635,JT_test,0.1,0.40085
3,3,1.5,9.636363636363635,JT_test,0.05,0.21862
3,3,1.5,9.636363636363635,JT_test,0.01,0.04459
3,3,1.5,9.636363636363635,DD_test,0.1,0.43321
3,3,1.5,9.636363636363635,DD_test,0.05,0.2825
3,3,1.5,9.636363636363635,DD_test,0.01,0.08282
3,3,1.5,9.828282828282827,JT_test,0.1,0.40158
3,3,1.5,9.828282828282827,JT_test,0.05,0.21782
3,3,1.5,9.828282828282827,JT_test,0.01,0.04401
3,3,1.5,9.828282828282827,DD_test,0.1,0.4295
3,3,1.5,9.828282828282827,DD_test,0.05,0.27842
3,3,1.5,9.828282828282827,DD_test,0.01,0.0823
3,3,1.5,10.020202020202019,JT_test,0.1,0.3928
3,3,1.5,10.020202020202019,JT_test,0.05,0.21294
3,3,1.5,10.020202020202019,JT_test,0.01,0.04242
3,3,1.5,10.020202020202019,DD_test,0.1,0.42836
3,3,1.5,10.020202020202019,DD_test,0.05,0.27867
3,3,1.5,10.020202020202019,DD_test,0.01,0.08181
3,3,1.5,10.212121212121211,JT_test,0.1,0.39002
3,3,1.5,10.212121212121211,JT_test,0.05,0.21109
3,3,1.5,10.212121212121211,JT_test,0.01,0.04314
3,3,1.5,10.212121212121211,DD_test,0.1,0.42093
3,3,1.5,10.212121212121211,DD_test,0.05,0.27227
3,3,1.5,10.212121212121211,DD_test,0.01,0.07785
3,3,1.5,10.404040404040403,JT_test,0.1,0.3853
3,3,1.5,10.404040404040403,JT_test,0.05,0.20731
3,3,1.5,10.404040404040403,JT_test,0.01,0.04138
3,3,1.5,10.404040404040403,DD_test,0.1,0.41415
3,3,1.5,10.404040404040403,DD_test,0.05,0.26913
3,3,1.5,10.404040404040403,DD_test,0.01,0.07662
3,3,1.5,10.595959595959595,JT_test,0.1,0.38348
3,3,1.5,10.595959595959595,JT_test,0.05,0.20585
3,3,1.5,10.595959595959595,JT_test,0.01,0.04113
3,3,1.5,10.595959595959595,DD_test,0.1,0.40991
3,3,1.5,10.595959595959595,DD_test,0.05,0.26392
3,3,1.5,10.595959595959595,DD_test,0.01,0.07526
3,3,1.5,10.787878787878787,JT_test,0.1,0.37796
3,3,1.5,10.787878787878787,JT_test,0.05,0.20265
3,3,1.5,10.787878787878787,JT_test,0.01,0.04021
3,3,1.5,10.787878787878787,DD_test,0.1,0.40818
3,3,1.5,10.787878787878787,DD_test,0.05,0.26183
3,3,1.5,10.787878787878787,DD_test,0.01,0.07661
3,3,1.5,10.97979797979798,JT_test,0.1,0.37596
3,3,1.5,10.97979797979798,JT_test,0.05,0.1992
3,3,1.5,10.97979797979798,JT_test,0.01,0.04024
3,3,1.5,10.97979797979798,DD_test,0.1,0.40644
3,3,1.5,10.97979797979798,DD_test,0.05,0.25893
3,3,1.5,10.97979797979798,DD_test,0.01,0.07364
3,3,1.5,11.171717171717171,JT_test,0.1,0.37043
3,3,1.5,11.171717171717171,JT_test,0.05,0.1969
3,3,1.5,11.171717171717171,JT_test,0.01,0.03878
3,3,1.5,11.171717171717171,DD_test,0.1,0.40264
3,3,1.5,11.171717171717171,DD_test,0.05,0.25802
3,3,1.5,11.171717171717171,DD_test,0.01,0.07439
3,3,1.5,11.363636363636363,JT_test,0.1,0.36722
3,3,1.5,11.363636363636363,JT_test,0.05,0.19586
3,3,1.5,11.363636363636363,JT_test,0.01,0.03847
3,3,1.5,11.363636363636363,DD_test,0.1,0.39879
3,3,1.5,11.363636363636363,DD_test,0.05,0.25522
3,3,1.5,11.363636363636363,DD_test,0.01,0.07247
3,3,1.5,11.555555555555555,JT_test,0.1,0.36564
3,3,1.5,11.555555555555555,JT_test,0.05,0.19295
3,3,1.5,11.555555555555555,JT_test,0.01,0.03735
3,3,1.5,11.555555555555555,DD_test,0.1,0.39564
3,3,1.5,11.555555555555555,DD_test,0.05,0.25294
3,3,1.5,11.555555555555555,DD_test,0.01,0.07175
3,3,1.5,11.747474747474747,JT_test,0.1,0.36319
3,3,1.5,11.747474747474747,JT_test,0.05,0.19244
3,3,1.5,11.747474747474747,JT_test,0.01,0.03804
3,3,1.5,11.747474747474747,DD_test,0.1,0.3922
3,3,1.5,11.747474747474747,DD_test,0.05,0.24897
3,3,1.5,11.747474747474747,DD_test,0.01,0.07118
3,3,1.5,11.93939393939394,JT_test,0.1,0.36199
3,3,1.5,11.93939393939394,JT_test,0.05,0.19139
3,3,1.5,11.93939393939394,JT_test,0.01,0.0365
3,3,1.5,11.93939393939394,DD_test,0.1,0.38936
3,3,1.5,11.93939393939394,DD_test,0.05,0.24684
3,3,1.5,11.93939393939394,DD_test,0.01,0.06952
3,3,1.5,12.13131313131313,JT_test,0.1,0.35522
3,3,1.5,12.13131313131313,JT_test,0.05,0.18532
3,3,1.5,12.13131313131313,JT_test,0.01,0.03589
3,3,1.5,12.13131313131313,DD_test,0.1,0.3888
3,3,1.5,12.13131313131313,DD_test,0.05,0.24681
3,3,1.5,12.13131313131313,DD_test,0.01,0.06835
3,3,1.5,12.323232323232322,JT_test,0.1,0.35071
3,3,1.5,12.323232323232322,JT_test,0.05,0.18244
3,3,1.5,12.323232323232322,JT_test,0.01,0.03511
3,3,1.5,12.323232323232322,DD_test,0.1,0.38573
3,3,1.5,12.323232323232322,DD_test,0.05,0.24359
3,3,1.5,12.323232323232322,DD_test,0.01,0.06811
3,3,1.5,12.515151515151514,JT_test,0.1,0.35124
3,3,1.5,12.515151515151514,JT_test,0.05,0.18382
3,3,1.5,12.515151515151514,JT_test,0.01,0.03503
3,3,1.5,12.515151515151514,DD_test,0.1,0.38023
3,3,1.5,12.515151515151514,DD_test,0.05,0.24028
3,3,1.5,12.515151515151514,DD_test,0.01,0.06787
3,3,1.5,12.707070707070706,JT_test,0.1,0.34814
3,3,1.5,12.707070707070706,JT_test,0.05,0.18283
3,3,1.5,12.707070707070706,JT_test,0.01,0.03488
3,3,1.5,12.707070707070706,DD_test,0.1,0.37713
3,3,1.5,12.707070707070706,DD_test,0.05,0.23871
3,3,1.5,12.707070707070706,DD_test,0.01,0.06736
3,3,1.5,12.898989898989898,JT_test,0.1,0.34551
3,3,1.5,12.898989898989898,JT_test,0.05,0.18058
3,3,1.5,12.898989898989898,JT_test,0.01,0.03527
3,3,1.5,12.898989898989898,DD_test,0.1,0.37508
3,3,1.5,12.898989898989898,DD_test,0.05,0.23687
3,3,1.5,12.898989898989898,DD_test,0.01,0.06466
3,3,1.5,13.09090909090909,JT_test,0.1,0.34141
3,3,1.5,13.09090909090909,JT_test,0.05,0.17646
3,3,1.5,13.09090909090909,JT_test,0.01,0.03399
3,3,1.5,13.09090909090909,DD_test,0.1,0.37304
3,3,1.5,13.09090909090909,DD_test,0.05,0.23462
3,3,1.5,13.09090909090909,DD_test,0.01,0.0658
3,3,1.5,13.282828282828282,JT_test,0.1,0.34255
3,3,1.5,13.282828282828282,JT_test,0.05,0.17671
3,3,1.5,13.282828282828282,JT_test,0.01,0.03381
3,3,1.5,13.282828282828282,DD_test,0.1,0.37028
3,3,1.5,13.282828282828282,DD_test,0.05,0.23002
3,3,1.5,13.282828282828282,DD_test,0.01,0.06346
3,3,1.5,13.474747474747474,JT_test,0.1,0.33678
3,3,1.5,13.474747474747474,JT_test,0.05,0.17322
3,3,1.5,13.474747474747474,JT_test,0.01,0.03307
3,3,1.5,13.474747474747474,DD_test,0.1,0.36597
3,3,1.5,13.474747474747474,DD_test,0.05,0.22986
3,3,1.5,13.474747474747474,DD_test,0.01,0.06203
3,3,1.5,13.666666666666666,JT_test,0.1,0.33692
3,3,1.5,13.666666666666666,JT_test,0.05,0.174
3,3,1.5,13.666666666666666,JT_test,0.01,0.03301
3,3,1.5,13.666666666666666,DD_test,0.1,0.36543
3,3,1.5,13.666666666666666,DD_test,0.05,0.2283
3,3,1.5,13.666666666666666,DD_test,0.01,0.06233
3,3,1.5,13.858585858585858,JT_test,0.1,0.33728
3,3,1.5,13.858585858585858,JT_test,0.05,0.17368
3,3,1.5,13.858585858585858,JT_test,0.01,0.03288
3,3,1.5,13.858585858585858,DD_test,0.1,0.36406
3,3,1.5,13.858585858585858,DD_test,0.05,0.22772
3,3,1.5,13.858585858585858,DD_test,0.01,0.06145
3,3,1.5,14.05050505050505,JT_test,0.1,0.33518
3,3,1.5,14.05050505050505,JT_test,0.05,0.17137
3,3,1.5,14.05050505050505,JT_test,0.01,0.03282
3,3,1.5,14.05050505050505,DD_test,0.1,0.35974
3,3,1.5,14.05050505050505,DD_test,0.05,0.22377
3,3,1.5,14.05050505050505,DD_test,0.01,0.06122
3,3,1.5,14.242424242424242,JT_test,0.1,0.3292
3,3,1.5,14.242424242424242,JT_test,0.05,0.16828
3,3,1.5,14.242424242424242,JT_test,0.01,0.03204
3,3,1.5,14.242424242424242,DD_test,0.1,0.35767
3,3,1.5,14.242424242424242,DD_test,0.05,0.22032
3,3,1.5,14.242424242424242,DD_test,0.01,0.06024
3,3,1.5,14.434343434343434,JT_test,0.1,0.32699
3,3,1.5,14.434343434343434,JT_test,0.05,0.16624
3,3,1.5,14.434343434343434,JT_test,0.01,0.03153
3,3,1.5,14.434343434343434,DD_test,0.1,0.3582
3,3,1.5,14.434343434343434,DD_test,0.05,0.2211
3,3,1.5,14.434343434343434,DD_test,0.01,0.05936
3,3,1.5,14.626262626262625,JT_test,0.1,0.33113
3,3,1.5,14.626262626262625,JT_test,0.05,0.16899
3,3,1.5,14.626262626262625,JT_test,0.01,0.03164
3,3,1.5,14.626262626262625,DD_test,0.1,0.35337
3,3,1.5,14.626262626262625,DD_test,0.05,0.21849
3,3,1.5,14.626262626262625,DD_test,0.01,0.05958
3,3,1.5,14.818181818181817,JT_test,0.1,0.32202
3,3,1.5,14.818181818181817,JT_test,0.05,0.16447
3,3,1.5,14.818181818181817,JT_test,0.01,0.0302
3,3,1.5,14.818181818181817,DD_test,0.1,0.35173
3,3,1.5,14.818181818181817,DD_test,0.05,0.21901
3,3,1.5,14.818181818181817,DD_test,0.01,0.05823
3,3,1.5,15.010101010101009,JT_test,0.1,0.32245
3,3,1.5,15.010101010101009,JT_test,0.05,0.16484
3,3,1.5,15.010101010101009,JT_test,0.01,0.03114
3,3,1.5,15.010101010101009,DD_test,0.1,0.34736
3,3,1.5,15.010101010101009,DD_test,0.05,0.21346
3,3,1.5,15.010101010101009,DD_test,0.01,0.05888
3,3,1.5,15.2020202020202,JT_test,0.1,0.31979
3,3,1.5,15.2020202020202,JT_test,0.05,0.16262
3,3,1.5,15.2020202020202,JT_test,0.01,0.0302
3,3,1.5,15.2020202020202,DD_test,0.1,0.3472
3,3,1.5,15.2020202020202,DD_test,0.05,0.21371
3,3,1.5,15.2020202020202,DD_test,0.01,0.05634
3,3,1.5,15.393939393939393,JT_test,0.1,0.32103
3,3,1.5,15.393939393939393,JT_test,0.05,0.16285
3,3,1.5,15.393939393939393,JT_test,0.01,0.03054
3,3,1.5,15.393939393939393,DD_test,0.1,0.34389
3,3,1.5,15.393939393939393,DD_test,0.05,0.21339
3,3,1.5,15.393939393939393,DD_test,0.01,0.05769
3,3,1.5,15.585858585858585,JT_test,0.1,0.31615
3,3,1.5,15.585858585858585,JT_test,0.05,0.15952
3,3,1.5,15.585858585858585,JT_test,0.01,0.03005
3,3,1.5,15.585858585858585,DD_test,0.1,0.34144
3,3,1.5,15.585858585858585,DD_test,0.05,0.21031
3,3,1.5,15.585858585858585,DD_test,0.01,0.05652
3,3,1.5,15.777777777777777,JT_test,0.1,0.31239
3,3,1.5,15.777777777777777,JT_test,0.05,0.15964
3,3,1.5,15.777777777777777,JT_test,0.01,0.02944
3,3,1.5,15.777777777777777,DD_test,0.1,0.33974
3,3,1.5,15.777777777777777,DD_test,0.05,0.20925
3,3,1.5,15.777777777777777,DD_test,0.01,0.05547
3,3,1.5,15.969696969696969,JT_test,0.1,0.31386
3,3,1.5,15.969696969696969,JT_test,0.05,0.15778
3,3,1.5,15.969696969696969,JT_test,0.01,0.02881
3,3,1.5,15.969696969696969,DD_test,0.1,0.3371
3,3,1.5,15.969696969696969,DD_test,0.05,0.2083
3,3,1.5,15.969696969696969,DD_test,0.01,0.05505
3,3,1.5,16.16161616161616,JT_test,0.1,0.31164
3,3,1.5,16.16161616161616,JT_test,0.05,0.15759
3,3,1.5,16.16161616161616,JT_test,0.01,0.02929
3,3,1.5,16.16161616161616,DD_test,0.1,0.33859
3,3,1.5,16.16161616161616,DD_test,0.05,0.20909
3,3,1.5,16.16161616161616,DD_test,0.01,0.05464
3,3,1.5,16.353535353535353,JT_test,0.1,0.30874
3,3,1.5,16.353535353535353,JT_test,0.05,0.15663
3,3,1.5,16.353535353535353,JT_test,0.01,0.02856
3,3,1.5,16.353535353535353,DD_test,0.1,0.33673
3,3,1.5,16.353535353535353,DD_test,0.05,0.20553
3,3,1.5,16.353535353535353,DD_test,0.01,0.05429
3,3,1.5,16.545454545454547,JT_test,0.1,0.30967
3,3,1.5,16.545454545454547,JT_test,0.05,0.15692
3,3,1.5,16.545454545454547,JT_test,0.01,0.02788
3,3,1.5,16.545454545454547,DD_test,0.1,0.33072
3,3,1.5,16.545454545454547,DD_test,0.05,0.20106
3,3,1.5,16.545454545454547,DD_test,0.01,0.05396
3,3,1.5,16.737373737373737,JT_test,0.1,0.30846
3,3,1.5,16.737373737373737,JT_test,0.05,0.1554
3,3,1.5,16.737373737373737,JT_test,0.01,0.02843
3,3,1.5,16.737373737373737,DD_test,0.1,0.3318
3,3,1.5,16.737373737373737,DD_test,0.05,0.2012
3,3,1.5,16.737373737373737,DD_test,0.01,0.05323
3,3,1.5,16.929292929292927,JT_test,0.1,0.30526
3,3,1.5,16.929292929292927,JT_test,0.05,0.15315
3,3,1.5,16.929292929292927,JT_test,0.01,0.02739
3,3,1.5,16.929292929292927,DD_test,0.1,0.32955
3,3,1.5,16.929292929292927,DD_test,0.05,0.20136
3,3,1.5,16.929292929292927,DD_test,0.01,0.05324
3,3,1.5,17.12121212121212,JT_test,0.1,0.30148
3,3,1.5,17.12121212121212,JT_test,0.05,0.15164
3,3,1.5,17.12121212121212,JT_test,0.01,0.02785
3,3,1.5,17.12121212121212,DD_test,0.1,0.32958
3,3,1.5,17.12121212121212,DD_test,0.05,0.2026
3,3,1.5,17.12121212121212,DD_test,0.01,0.05292
3,3,1.5,17.31313131313131,JT_test,0.1,0.30149
3,3,1.5,17.31313131313131,JT_test,0.05,0.15176
3,3,1.5,17.31313131313131,JT_test,0.01,0.02756
3,3,1.5,17.31313131313131,DD_test,0.1,0.32645
3,3,1.5,17.31313131313131,DD_test,0.05,0.20001
3,3,1.5,17.31313131313131,DD_test,0.01,0.05339
3,3,1.5,17.505050505050505,JT_test,0.1,0.30079
3,3,1.5,17.505050505050505,JT_test,0.05,0.15064
3,3,1.5,17.505050505050505,JT_test,0.01,0.02661
3,3,1.5,17.505050505050505,DD_test,0.1,0.32495
3,3,1.5,17.505050505050505,DD_test,0.05,0.1983
3,3,1.5,17.505050505050505,DD_test,0.01,0.05202
3,3,1.5,17.696969696969695,JT_test,0.1,0.29767
3,3,1.5,17.696969696969695,JT_test,0.05,0.14821
3,3,1.5,17.696969696969695,JT_test,0.01,0.02636
3,3,1.5,17.696969696969695,DD_test,0.1,0.32362
3,3,1.5,17.696969696969695,DD_test,0.05,0.19725
3,3,1.5,17.696969696969695,DD_test,0.01,0.05113
3,3,1.5,17.88888888888889,JT_test,0.1,0.29868
3,3,1.5,17.88888888888889,JT_test,0.05,0.14804
3,3,1.5,17.88888888888889,JT_test,0.01,0.02612
3,3,1.5,17.88888888888889,DD_test,0.1,0.32226
3,3,1.5,17.88888888888889,DD_test,0.05,0.19605
3,3,1.5,17.88888888888889,DD_test,0.01,0.0506
3,3,1.5,18.08080808080808,JT_test,0.1,0.29463
3,3,1.5,18.08080808080808,JT_test,0.05,0.14629
3,3,1.5,18.08080808080808,JT_test,0.01,0.02613
3,3,1.5,18.08080808080808,DD_test,0.1,0.32222
3,3,1.5,18.08080808080808,DD_test,0.05,0.19462
3,3,1.5,18.08080808080808,DD_test,0.01,0.04972
3,3,1.5,18.27272727272727,JT_test,0.1,0.29751
3,3,1.5,18.27272727272727,JT_test,0.05,0.14784
3,3,1.5,18.27272727272727,JT_test,0.01,0.02717
3,3,1.5,18.27272727272727,DD_test,0.1,0.31723
3,3,1.5,18.27272727272727,DD_test,0.05,0.19203
3,3,1.5,18.27272727272727,DD_test,0.01,0.04949
3,3,1.5,18.464646464646464,JT_test,0.1,0.29301
3,3,1.5,18.464646464646464,JT_test,0.05,0.14622
3,3,1.5,18.464646464646464,JT_test,0.01,0.02667
3,3,1.5,18.464646464646464,DD_test,0.1,0.31652
3,3,1.5,18.464646464646464,DD_test,0.05,0.19126
3,3,1.5,18.464646464646464,DD_test,0.01,0.04975
3,3,1.5,18.656565656565654,JT_test,0.1,0.29175
3,3,1.5,18.656565656565654,JT_test,0.05,0.14449
3,3,1.5,18.656565656565654,JT_test,0.01,0.026
3,3,1.5,18.656565656565654,DD_test,0.1,0.31391
3,3,1.5,18.656565656565654,DD_test,0.05,0.19052
3,3,1.5,18.656565656565654,DD_test,0.01,0.04979
3,3,1.5,18.848484848484848,JT_test,0.1,0.28714
3,3,1.5,18.848484848484848,JT_test,0.05,0.14231
3,3,1.5,18.848484848484848,JT_test,0.01,0.02565
3,3,1.5,18.848484848484848,DD_test,0.1,0.31333
3,3,1.5,18.848484848484848,DD_test,0.05,0.18875
3,3,1.5,18.848484848484848,DD_test,0.01,0.04978
3,3,1.5,19.040404040404038,JT_test,0.1,0.28961
3,3,1.5,19.040404040404038,JT_test,0.05,0.1444
3,3,1.5,19.040404040404038,JT_test,0.01,0.02584
3,3,1.5,19.040404040404038,DD_test,0.1,0.31122
3,3,1.5,19.040404040404038,DD_test,0.05,0.18627
3,3,1.5,19.040404040404038,DD_test,0.01,0.04926
3,3,1.5,19.232323232323232,JT_test,0.1,0.28925
3,3,1.5,19.232323232323232,JT_test,0.05,0.14427
3,3,1.5,19.232323232323232,JT_test,0.01,0.02576
3,3,1.5,19.232323232323232,DD_test,0.1,0.3093
3,3,1.5,19.232323232323232,DD_test,0.05,0.18818
3,3,1.5,19.232323232323232,DD_test,0.01,0.04932
3,3,1.5,19.424242424242422,JT_test,0.1,0.28807
3,3,1.5,19.424242424242422,JT_test,0.05,0.14251
3,3,1.5,19.424242424242422,JT_test,0.01,0.02549
3,3,1.5,19.424242424242422,DD_test,0.1,0.30908
3,3,1.5,19.424242424242422,DD_test,0.05,0.18447
3,3,1.5,19.424242424242422,DD_test,0.01,0.04782
3,3,1.5,19.616161616161616,JT_test,0.1,0.28512
3,3,1.5,19.616161616161616,JT_test,0.05,0.13978
3,3,1.5,19.616161616161616,JT_test,0.01,0.02521
3,3,1.5,19.616161616161616,DD_test,0.1,0.3089
3,3,1.5,19.616161616161616,DD_test,0.05,0.1866
3,3,1.5,19.616161616161616,DD_test,0.01,0.04767
3,3,1.5,19.808080808080806,JT_test,0.1,0.2858
3,3,1.5,19.808080808080806,JT_test,0.05,0.1418
3,3,1.5,19.808080808080806,JT_test,0.01,0.02479
3,3,1.5,19.808080808080806,DD_test,0.1,0.30417
3,3,1.5,19.808080808080806,DD_test,0.05,0.18245
3,3,1.5,19.808080808080806,DD_test,0.01,0.04721
3,3,1.5,20.0,JT_test,0.1,0.28303
3,3,1.5,20.0,JT_test,0.05,0.13919
3,3,1.5,20.0,JT_test,0.01,0.02485
3,3,1.5,20.0,DD_test,0.1,0.30581
3,3,1.5,20.0,DD_test,0.05,0.18327
3,3,1.5,20.0,DD_test,0.01,0.04646
3,3,5.0,1.0,JT_test,0.1,1.0
3,3,5.0,1.0,JT_test,0.05,1.0
3,3,5.0,1.0,JT_test,0.01,1.0
3,3,5.0,1.0,DD_test,0.1,1.0
3,3,5.0,1.0,DD_test,0.05,1.0
3,3,5.0,1.0,DD_test,0.01,1.0
3,3,5.0,2.505050505050505,JT_test,0.1,0.99999
3,3,5.0,2.505050505050505,JT_test,0.05,0.99987
3,3,5.0,2.505050505050505,JT_test,0.01,0.98859
3,3,5.0,2.505050505050505,DD_test,0.1,1.0
3,3,5.0,2.505050505050505,DD_test,0.05,1.0
3,3,5.0,2.505050505050505,DD_test,0.01,0.99982
3,3,5.0,4.01010101010101,JT_test,0.1,0.9999
3,3,5.0,4.01010101010101,JT_test,0.05,0.99779
3,3,5.0,4.01010101010101,JT_test,0.01,0.92687
3,3,5.0,4.01010101010101,DD_test,0.1,0.99999
3,3,5.0,4.01010101010101,DD_test,0.05,0.99989
3,3,5.0,4.01010101010101,DD_test,0.01,0.99025
3,3,5.0,5.515151515151515,JT_test,0.1,0.99885
3,3,5.0,5.515151515151515,JT_test,0.05,0.98944
3,3,5.0,5.515151515151515,JT_test,0.01,0.82659
3,3,5.0,5.515151515151515,DD_test,0.1,0.99983
3,3,5.0,5.515151515151515,DD_test,0.05,0.99855
3,3,5.0,5.515151515151515,DD_test,0.01,0.95525
3,3,5.0,7.02020202020202,JT_test,0.1,0.99581
3,3,5.0,7.02020202020202,JT_test,0.05,0.97052
3,3,5.0,7.02020202020202,JT_test,0.01,0.72484
3,3,5.0,7.02020202020202,DD_test,0.1,0.99875
3,3,5.0,7.02020202020202,DD_test,0.05,0.99336
3,3,5.0,7.02020202020202,DD_test,0.01,0.89437
3,3,5.0,8.525252525252526,JT_test,0.1,0.98997
3,3,5.0,8.525252525252526,JT_test,0.05,0.94689
3,3,5.0,8.525252525252526,JT_test,0.01,0.63598
3,3,5.0,8.525252525252526,DD_test,0.1,0.99585
3,3,5.0,8.525252525252526,DD_test,0.05,0.98213
3,3,5.0,8.525252525252526,DD_test,0.01,0.82623
3,3,5.0,10.03030303030303,JT_test,0.1,0.98011
3,3,5.0,10.03030303030303,JT_test,0.05,0.91323
3,3,5.0,10.03030303030303,JT_test,0.01,0.55241
3,3,5.0,10.03030303030303,DD_test,0.1,0.99025
3,3,5.0,10.03030303030303,DD_test,0.05,0.96525
3,3,5.0,10.03030303030303,DD_test,0.01,0.75885
3,3,5.0,11.535353535353535,JT_test,0.1,0.96705
3,3,5.0,11.535353535353535,JT_test,0.05,0.87693
3,3,5.0,11.535353535353535,JT_test,0.01,0.486
3,3,5.0,11.535353535353535,DD_test,0.1,0.98232
3,3,5.0,11.535353535353535,DD_test,0.05,0.9442
3,3,5.0,11.535353535353535,DD_test,0.01,0.69055
3,3,5.0,13.04040404040404,JT_test,0.1,0.95041
3,3,5.0,13.04040404040404,JT_test,0.05,0.84233
3,3,5.0,13.04040404040404,JT_test,0.01,0.43535
3,3,5.0,13.04040404040404,DD_test,0.1,0.97006
3,3,5.0,13.04040404040404,DD_test,0.05,0.91678
3,3,5.0,13.04040404040404,DD_test,0.01,0.63249
3,3,5.0,14.545454545454545,JT_test,0.1,0.93442
3,3,5.0,14.545454545454545,JT_test,0.05,0.8065
3,3,5.0,14.545454545454545,JT_test,0.01,0.38876
3,3,5.0,14.545454545454545,DD_test,0.1,0.9588
3,3,5.0,14.545454545454545,DD_test,0.05,0.89274
3,3,5.0,14.545454545454545,DD_test,0.01,0.58314
3,3,5.0,16.050505050505052,JT_test,0.1,0.91491
3,3,5.0,16.050505050505052,JT_test,0.05,0.77045
3,3,5.0,16.050505050505052,JT_test,0.01,0.34705
3,3,5.0,16.050505050505052,DD_test,0.1,0.94453
3,3,5.0,16.050505050505052,DD_test,0.05,0.86399
3,3,5.0,16.050505050505052,DD_test,0.01,0.53267
3,3,5.0,17.555555555555554,JT_test,0.1,0.89716
3,3,5.0,17.555555555555554,JT_test,0.05,0.73695
3,3,5.0,17.555555555555554,JT_test,0.01,0.31653
3,3,5.0,17.555555555555554,DD_test,0.1,0.92746
3,3,5.0,17.555555555555554,DD_test,0.05,0.83809
3,3,5.0,17.555555555555554,DD_test,0.01,0.49355
3,3,5.0,19.06060606060606,JT_test,0.1,0.87735
3,3,5.0,19.06060606060606,JT_test,0.05,0.70481
3,3,5.0,19.06060606060606,JT_test,0.01,0.28795
3,3,5.0,19.06060606060606,DD_test,0.1,0.91222
3,3,5.0,19.06060606060606,DD_test,0.05,0.80878
3,3,5.0,19.06060606060606,DD_test,0.01,0.45775
3,3,5.0,20.565656565656564,JT_test,0.1,0.85889
3,3,5.0,20.565656565656564,JT_test,0.05,0.67786
3,3,5.0,20.565656565656564,JT_test,0.01,0.26715
3,3,5.0,20.565656565656564,DD_test,0.1,0.89374
3,3,5.0,20.565656565656564,DD_test,0.05,0.78296
3,3,5.0,20.565656565656564,DD_test,0.01,0.42338
3,3,5.0,22.07070707070707,JT_test,0.1,0.8411
3,3,5.0,22.07070707070707,JT_test,0.05,0.65464
3,3,5.0,22.07070707070707,JT_test,0.01,0.24632
3,3,5.0,22.07070707070707,DD_test,0.1,0.87673
3,3,5.0,22.07070707070707,DD_test,0.05,0.76069
3,3,5.0,22.07070707070707,DD_test,0.01,0.39882
3,3,5.0,23.575757575757574,JT_test,0.1,0.82216
3,3,5.0,23.575757575757574,JT_test,0.05,0.62717
3,3,5.0,23.575757575757574,JT_test,0.01,0.22859
3,3,5.0,23.575757575757574,DD_test,0.1,0.85959
3,3,5.0,23.575757575757574,DD_test,0.05,0.73278
3,3,5.0,23.575757575757574,DD_test,0.01,0.37339
3,3,5.0,25.08080808080808,JT_test,0.1,0.80261
3,3,5.0,25.08080808080808,JT_test,0.05,0.60122
3,3,5.0,25.08080808080808,JT_test,0.01,0.21423
3,3,5.0,25.08080808080808,DD_test,0.1,0.84562
3,3,5.0,25.08080808080808,DD_test,0.05,0.71151
3,3,5.0,25.08080808080808,DD_test,0.01,0.34955
3,3,5.0,26.585858585858585,JT_test,0.1,0.78541
3,3,5.0,26.585858585858585,JT_test,0.05,0.58019
3,3,5.0,26.585858585858585,JT_test,0.01,0.19835
3,3,5.0,26.585858585858585,DD_test,0.1,0.82943
3,3,5.0,26.585858585858585,DD_test,0.05,0.68989
3,3,5.0,26.585858585858585,DD_test,0.01,0.33258
3,3,5.0,28.09090909090909,JT_test,0.1,0.77051
3,3,5.0,28.09090909090909,JT_test,0.05,0.56116
3,3,5.0,28.09090909090909,JT_test,0.01,0.18757
3,3,5.0,28.09090909090909,DD_test,0.1,0.81208
3,3,5.0,28.09090909090909,DD_test,0.05,0.66648
3,3,5.0,28.09090909090909,DD_test,0.01,0.31201
3,3,5.0,29.595959595959595,JT_test,0.1,0.7535
3,3,5.0,29.595959595959595,JT_test,0.05,0.5403
3,3,5.0,29.595959595959595,JT_test,0.01,0.17575
3,3,5.0,29.595959595959595,DD_test,0.1,0.79782
3,3,5.0,29.595959595959595,DD_test,0.05,0.64926
3,3,5.0,29.595959595959595,DD_test,0.01,0.29661
3,3,5.0,31.1010101010101,JT_test,0.1,0.73892
3,3,5.0,31.1010101010101,JT_test,0.05,0.52419
3,3,5.0,31.1010101010101,JT_test,0.01,0.16628
3,3,5.0,31.1010101010101,DD_test,0.1,0.77913
3,3,5.0,31.1010101010101,DD_test,0.05,0.6275
3,3,5.0,31.1010101010101,DD_test,0.01,0.27992
3,3,5.0,32.60606060606061,JT_test,0.1,0.72161
3,3,5.0,32.60606060606061,JT_test,0.05,0.50433
3,3,5.0,32.60606060606061,JT_test,0.01,0.15517
3,3,5.0,32.60606060606061,DD_test,0.1,0.76789
3,3,5.0,32.60606060606061,DD_test,0.05,0.61176
3,3,5.0,32.60606060606061,DD_test,0.01,0.26722
3,3,5.0,34.11111111111111,JT_test,0.1,0.70958
3,3,5.0,34.11111111111111,JT_test,0.05,0.49337
3,3,5.0,34.11111111111111,JT_test,0.01,0.14942
3,3,5.0,34.11111111111111,DD_test,0.1,0.75575
3,3,5.0,34.11111111111111,DD_test,0.05,0.59882
3,3,5.0,34.11111111111111,DD_test,0.01,0.25754
3,3,5.0,35.61616161616161,JT_test,0.1,0.69796
3,3,5.0,35.61616161616161,JT_test,0.05,0.4772
3,3,5.0,35.61616161616161,JT_test,0.01,0.14284
3,3,5.0,35.61616161616161,DD_test,0.1,0.73963
3,3,5.0,35.61616161616161,DD_test,0.05,0.57993
3,3,5.0,35.61616161616161,DD_test,0.01,0.24265
3,3,5.0,37.12121212121212,JT_test,0.1,0.67959
3,3,5.0,37.12121212121212,JT_test,0.05,0.46074
3,3,5.0,37.12121212121212,JT_test,0.01,0.13465
3,3,5.0,37.12121212121212,DD_test,0.1,0.72922
3,3,5.0,37.12121212121212,DD_test,0.05,0.56618
3,3,5.0,37.12121212121212,DD_test,0.01,0.23579
3,3,5.0,38.62626262626262,JT_test,0.1,0.66879
3,3,5.0,38.62626262626262,JT_test,0.05,0.44739
3,3,5.0,38.62626262626262,JT_test,0.01,0.12886
3,3,5.0,38.62626262626262,DD_test,0.1,0.71317
3,3,5.0,38.62626262626262,DD_test,0.05,0.55204
3,3,5.0,38.62626262626262,DD_test,0.01,0.22451
3,3,5.0,40.13131313131313,JT_test,0.1,0.65804
3,3,5.0,40.13131313131313,JT_test,0.05,0.43841
3,3,5.0,40.13131313131313,JT_test,0.01,0.12362
3,3,5.0,40.13131313131313,DD_test,0.1,0.70374
3,3,5.0,40.13131313131313,DD_test,0.05,0.5391
3,3,5.0,40.13131313131313,DD_test,0.01,0.21541
3,3,5.0,41.63636363636363,JT_test,0.1,0.64725
3,3,5.0,41.63636363636363,JT_test,0.05,0.42695
3,3,5.0,41.63636363636363,JT_test,0.01,0.11856
3,3,5.0,41.63636363636363,DD_test,0.1,0.69336
3,3,5.0,41.63636363636363,DD_test,0.05,0.52653
3,3,5.0,41.63636363636363,DD_test,0.01,0.20671
3,3,5.0,43.14141414141414,JT_test,0.1,0.63692
3,3,5.0,43.14141414141414,JT_test,0.05,0.41561
3,3,5.0,43.14141414141414,JT_test,0.01,0.11385
3,3,5.0,43.14141414141414,DD_test,0.1,0.68117
3,3,5.0,43.14141414141414,DD_test,0.05,0.51642
3,3,5.0,43.14141414141414,DD_test,0.01,0.19901
3,3,5.0,44.64646464646464,JT_test,0.1,0.62639
3,3,5.0,44.64646464646464,JT_test,0.05,0.40835
3,3,5.0,44.64646464646464,JT_test,0.01,0.10999
3,3,5.0,44.64646464646464,DD_test,0.1,0.67249
3,3,5.0,44.64646464646464,DD_test,0.05,0.50386
3,3,5.0,44.64646464646464,DD_test,0.01,0.19463
3,3,5.0,46.15151515151515,JT_test,0.1,0.61583
3,3,5.0,46.15151515151515,JT_test,0.05,0.39602
3,3,5.0,46.15151515151515,JT_test,0.01,0.10568
3,3,5.0,46.15151515151515,DD_test,0.1,0.65995
3,3,5.0,46.15151515151515,DD_test,0.05,0.49255
3,3,5.0,46.15151515151515,DD_test,0.01,0.18743
3,3,5.0,47.656565656565654,JT_test,0.1,0.60455
3,3,5.0,47.656565656565654,JT_test,0.05,0.38441
3,3,5.0,47.656565656565654,JT_test,0.01,0.10144
3,3,5.0,47.656565656565654,DD_test,0.1,0.64802
3,3,5.0,47.656565656565654,DD_test,0.05,0.48273
3,3,5.0,47.656565656565654,DD_test,0.01,0.18197
3,3,5.0,49.16161616161616,JT_test,0.1,0.59396
3,3,5.0,49.16161616161616,JT_test,0.05,0.3765
3,3,5.0,49.16161616161616,JT_test,0.01,0.09794
3,3,5.0,49.16161616161616,DD_test,0.1,0.64123
3,3,5.0,49.16161616161616,DD_test,0.05,0.47269
3,3,5.0,49.16161616161616,DD_test,0.01,0.17503
3,3,5.0,50.666666666666664,JT_test,0.1,0.58733
3,3,5.0,50.666666666666664,JT_test,0.05,0.37211
3,3,5.0,50.666666666666664,JT_test,0.01,0.09492
3,3,5.0,50.666666666666664,DD_test,0.1,0.63283
3,3,5.0,50.666666666666664,DD_test,0.05,0.4641
3,3,5.0,50.666666666666664,DD_test,0.01,0.17062
3,3,5.0,52.17171717171717,JT_test,0.1,0.57762
3,3,5.0,52.17171717171717,JT_test,0.05,0.36088
3,3,5.0,52.17171717171717,JT_test,0.01,0.09036
3,3,5.0,52.17171717171717,DD_test,0.1,0.62382
3,3,5.0,52.17171717171717,DD_test,0.05,0.45749
3,3,5.0,52.17171717171717,DD_test,0.01,0.16407
3,3,5.0,53.676767676767675,JT_test,0.1,0.57097
3,3,5.0,53.676767676767675,JT_test,0.05,0.35492
3,3,5.0,53.676767676767675,JT_test,0.01,0.08985
3,3,5.0,53.676767676767675,DD_test,0.1,0.61296
3,3,5.0,53.676767676767675,DD_test,0.05,0.44649
3,3,5.0,53.676767676767675,DD_test,0.01,0.16165
3,3,5.0,55.18181818181818,JT_test,0.1,0.56291
3,3,5.0,55.18181818181818,JT_test,0.05,0.34852
3,3,5.0,55.18181818181818,JT_test,0.01,0.08618
3,3,5.0,55.18181818181818,DD_test,0.1,0.60539
3,3,5.0,55.18181818181818,DD_test,0.05,0.43694
3,3,5.0,55.18181818181818,DD_test,0.01,0.15695
3,3,5.0,56.686868686868685,JT_test,0.1,0.55551
3,3,5.0,56.686868686868685,JT_test,0.05,0.34028
3,3,5.0,56.686868686868685,JT_test,0.01,0.08431
3,3,5.0,56.686868686868685,DD_test,0.1,0.59849
3,3,5.0,56.686868686868685,DD_test,0.05,0.43052
3,3,5.0,56.686868686868685,DD_test,0.01,0.15147
3,3,5.0,58.19191919191919,JT_test,0.1,0.54783
3,3,5.0,58.19191919191919,JT_test,0.05,0.33321
3,3,5.0,58.19191919191919,JT_test,0.01,0.08175
3,3,5.0,58.19191919191919,DD_test,0.1,0.59145
3,3,5.0,58.19191919191919,DD_test,0.05,0.42491
3,3,5.0,58.19191919191919,DD_test,0.01,0.14722
3,3,5.0,59.696969696969695,JT_test,0.1,0.5385
3,3,5.0,59.696969696969695,JT_test,0.05,0.32707
3,3,5.0,59.696969696969695,JT_test,0.01,0.0808
3,3,5.0,59.696969696969695,DD_test,0.1,0.5824
3,3,5.0,59.696969696969695,DD_test,0.05,0.41422
3,3,5.0,59.696969696969695,DD_test,0.01,0.14303
3,3,5.0,61.2020202020202,JT_test,0.1,0.53374
3,3,5.0,61.2020202020202,JT_test,0.05,0.32311
3,3,5.0,61.2020202020202,JT_test,0.01,0.07806
3,3,5.0,61.2020202020202,DD_test,0.1,0.57514
3,3,5.0,61.2020202020202,DD_test,0.05,0.4086
3,3,5.0,61.2020202020202,DD_test,0.01,0.13958
3,3,5.0,62.707070707070706,JT_test,0.1,0.52796
3,3,5.0,62.707070707070706,JT_test,0.05,0.3175
3,3,5.0,62.707070707070706,JT_test,0.01,0.07703
3,3,5.0,62.707070707070706,DD_test,0.1,0.56689
3,3,5.0,62.707070707070706,DD_test,0.05,0.40028
3,3,5.0,62.707070707070706,DD_test,0.01,0.13799
3,3,5.0,64.21212121212122,JT_test,0.1,0.51972
3,3,5.0,64.21212121212122,JT_test,0.05,0.30965
3,3,5.0,64.21212121212122,JT_test,0.01,0.07439
3,3,5.0,64.21212121212122,DD_test,0.1,0.56387
3,3,5.0,64.21212121212122,DD_test,0.05,0.39735
3,3,5.0,64.21212121212122,DD_test,0.01,0.13422
3,3,5.0,65.71717171717171,JT_test,0.1,0.51575
3,3,5.0,65.71717171717171,JT_test,0.05,0.30812
3,3,5.0,65.71717171717171,JT_test,0.01,0.0724
3,3,5.0,65.71717171717171,DD_test,0.1,0.55411
3,3,5.0,65.71717171717171,DD_test,0.05,0.38859
3,3,5.0,65.71717171717171,DD_test,0.01,0.13283
3,3,5.0,67.22222222222221,JT_test,0.1,0.50988
3,3,5.0,67.22222222222221,JT_test,0.05,0.3013
3,3,5.0,67.22222222222221,JT_test,0.01,0.07027
3,3,5.0,67.22222222222221,DD_test,0.1,0.54772
3,3,5.0,67.22222222222221,DD_test,0.05,0.38115
3,3,5.0,67.22222222222221,DD_test,0.01,0.12683
3,3,5.0,68.72727272727272,JT_test,0.1,0.50201
3,3,5.0,68.72727272727272,JT_test,0.05,0.29721
3,3,5.0,68.72727272727272,JT_test,0.01,0.06986
3,3,5.0,68.72727272727272,DD_test,0.1,0.54262
3,3,5.0,68.72727272727272,DD_test,0.05,0.37527
3,3,5.0,68.72727272727272,DD_test,0.01,0.12271
3,3,5.0,70.23232323232322,JT_test,0.1,0.49816
3,3,5.0,70.23232323232322,JT_test,0.05,0.29256
3,3,5.0,70.23232323232322,JT_test,0.01,0.06685
3,3,5.0,70.23232323232322,DD_test,0.1,0.53632
3,3,5.0,70.23232323232322,DD_test,0.05,0.37319
3,3,5.0,70.23232323232322,DD_test,0.01,0.12179
3,3,5.0,71.73737373737373,JT_test,0.1,0.48767
3,3,5.0,71.73737373737373,JT_test,0.05,0.2859
3,3,5.0,71.73737373737373,JT_test,0.01,0.06569
3,3,5.0,71.73737373737373,DD_test,0.1,0.5316
3,3,5.0,71.73737373737373,DD_test,0.05,0.367
3,3,5.0,71.73737373737373,DD_test,0.01,0.12092
3,3,5.0,73.24242424242424,JT_test,0.1,0.48955
3,3,5.0,73.24242424242424,JT_test,0.05,0.28627
3,3,5.0,73.24242424242424,JT_test,0.01,0.06542
3,3,5.0,73.24242424242424,DD_test,0.1,0.5252
3,3,5.0,73.24242424242424,DD_test,0.05,0.36228
3,3,5.0,73.24242424242424,DD_test,0.01,0.11858
3,3,5.0,74.74747474747474,JT_test,0.1,0.48315
3,3,5.0,74.74747474747474,JT_test,0.05,0.27713
3,3,5.0,74.74747474747474,JT_test,0.01,0.06219
3,3,5.0,74.74747474747474,DD_test,0.1,0.51958
3,3,5.0,74.74747474747474,DD_test,0.05,0.3586
3,3,5.0,74.74747474747474,DD_test,0.01,0.11842
3,3,5.0,76.25252525252525,JT_test,0.1,0.47813
3,3,5.0,76.25252525252525,JT_test,0.05,0.27719
3,3,5.0,76.25252525252525,JT_test,0.01,0.06296
3,3,5.0,76.25252525252525,DD_test,0.1,0.51568
3,3,5.0,76.25252525252525,DD_test,0.05,0.35383
3,3,5.0,76.25252525252525,DD_test,0.01,0.11406
3,3,5.0,77.75757575757575,JT_test,0.1,0.4729
3,3,5.0,77.75757575757575,JT_test,0.05,0.2737
3,3,5.0,77.75757575757575,JT_test,0.01,0.06068
3,3,5.0,77.75757575757575,DD_test,0.1,0.51074
3,3,5.0,77.75757575757575,DD_test,0.05,0.34955
3,3,5.0,77.75757575757575,DD_test,0.01,0.11238
3,3,5.0,79.26262626262626,JT_test,0.1,0.46881
3,3,5.0,79.26262626262626,JT_test,0.05,0.26971
3,3,5.0,79.26262626262626,JT_test,0.01,0.06041
3,3,5.0,79.26262626262626,DD_test,0.1,0.50431
3,3,5.0,79.26262626262626,DD_test,0.05,0.34371
3,3,5.0,79.26262626262626,DD_test,0.01,0.10878
3,3,5.0,80.76767676767676,JT_test,0.1,0.46605
3,3,5.0,80.76767676767676,JT_test,0.05,0.26438
3,3,5.0,80.76767676767676,JT_test,0.01,0.05905
3,3,5.0,80.76767676767676,DD_test,0.1,0.49965
3,3,5.0,80.76767676767676,DD_test,0.05,0.34084
3,3,5.0,80.76767676767676,DD_test,0.01,0.10836
3,3,5.0,82.27272727272727,JT_test,0.1,0.45743
3,3,5.0,82.27272727272727,JT_test,0.05,0.26239
3,3,5.0,82.27272727272727,JT_test,0.01,0.05831
3,3,5.0,82.27272727272727,DD_test,0.1,0.49397
3,3,5.0,82.27272727272727,DD_test,0.05,0.33424
3,3,5.0,82.27272727272727,DD_test,0.01,0.10646
3,3,5.0,83.77777777777777,JT_test,0.1,0.45272
3,3,5.0,83.77777777777777,JT_test,0.05,0.25781
3,3,5.0,83.77777777777777,JT_test,0.01,0.05525
3,3,5.0,83.77777777777777,DD_test,0.1,0.49204
3,3,5.0,83.77777777777777,DD_test,0.05,0.33253
3,3,5.0,83.77777777777777,DD_test,0.01,0.1046
3,3,5.0,85.28282828282828,JT_test,0.1,0.44924
3,3,5.0,85.28282828282828,JT_test,0.05,0.255
3,3,5.0,85.28282828282828,JT_test,0.01,0.05534
3,3,5.0,85.28282828282828,DD_test,0.1,0.48628
3,3,5.0,85.28282828282828,DD_test,0.05,0.32769
3,3,5.0,85.28282828282828,DD_test,0.01,0.10169
3,3,5.0,86.78787878787878,JT_test,0.1,0.44456
3,3,5.0,86.78787878787878,JT_test,0.05,0.25065
3,3,5.0,86.78787878787878,JT_test,0.01,0.0525
3,3,5.0,86.78787878787878,DD_test,0.1,0.48211
3,3,5.0,86.78787878787878,DD_test,0.05,0.32341
3,3,5.0,86.78787878787878,DD_test,0.01,0.10131
3,3,5.0,88.29292929292929,JT_test,0.1,0.44246
3,3,5.0,88.29292929292929,JT_test,0.05,0.24866
3,3,5.0,88.29292929292929,JT_test,0.01,0.05272
3,3,5.0,88.29292929292929,DD_test,0.1,0.47604
3,3,5.0,88.29292929292929,DD_test,0.05,0.31805
3,3,5.0,88.29292929292929,DD_test,0.01,0.09946
3,3,5.0,89.79797979797979,JT_test,0.1,0.4353
3,3,5.0,89.79797979797979,JT_test,0.05,0.24394
3,3,5.0,89.79797979797979,JT_test,0.01,0.05224
3,3,5.0,89.79797979797979,DD_test,0.1,0.47477
3,3,5.0,89.79797979797979,DD_test,0.05,0.3163
3,3,5.0,89.79797979797979,DD_test,0.01,0.09742
3,3,5.0,91.3030303030303,JT_test,0.1,0.43544
3,3,5.0,91.3030303030303,JT_test,0.05,0.24316
3,3,5.0,91.3030303030303,JT_test,0.01,0.0508
3,3,5.0,91.3030303030303,DD_test,0.1,0.46779
3,3,5.0,91.3030303030303,DD_test,0.05,0.31343
3,3,5.0,91.3030303030303,DD_test,0.01,0.09603
3,3,5.0,92.8080808080808,JT_test,0.1,0.42987
3,3,5.0,92.8080808080808,JT_test,0.05,0.24031
3,3,5.0,92.8080808080808,JT_test,0.01,0.05159
3,3,5.0,92.8080808080808,DD_test,0.1,0.46435
3,3,5.0,92.8080808080808,DD_test,0.05,0.30905
3,3,5.0,92.8080808080808,DD_test,0.01,0.09413
3,3,5.0,94.31313131313131,JT_test,0.1,0.42754
3,3,5.0,94.31313131313131,JT_test,0.05,0.23842
3,3,5.0,94.31313131313131,JT_test,0.01,0.05059
3,3,5.0,94.31313131313131,DD_test,0.1,0.46371
3,3,5.0,94.31313131313131,DD_test,0.05,0.30913
3,3,5.0,94.31313131313131,DD_test,0.01,0.09397
3,3,5.0,95.81818181818181,JT_test,0.1,0.42292
3,3,5.0,95.81818181818181,JT_test,0.05,0.23541
3,3,5.0,95.81818181818181,JT_test,0.01,0.04982
3,3,5.0,95.81818181818181,DD_test,0.1,0.45975
3,3,5.0,95.81818181818181,DD_test,0.05,0.30489
3,3,5.0,95.81818181818181,DD_test,0.01,0.0934
3,3,5.0,97.32323232323232,JT_test,0.1,0.42184
3,3,5.0,97.32323232323232,JT_test,0.05,0.23229
3,3,5.0,97.32323232323232,JT_test,0.01,0.04877
3,3,5.0,97.32323232323232,DD_test,0.1,0.45385
3,3,5.0,97.32323232323232,DD_test,0.05,0.29966
3,3,5.0,97.32323232323232,DD_test,0.01,0.08865
3,3,5.0,98.82828282828282,JT_test,0.1,0.41587
3,3,5.0,98.82828282828282,JT_test,0.05,0.22763
3,3,5.0,98.82828282828282,JT_test,0.01,0.04773
3,3,5.0,98.82828282828282,DD_test,0.1,0.44931
3,3,5.0,98.82828282828282,DD_test,0.05,0.29662
3,3,5.0,98.82828282828282,DD_test,0.01,0.08915
3,3,5.0,100.33333333333333,JT_test,0.1,0.41296
3,3,5.0,100.33333333333333,JT_test,0.05,0.22793
3,3,5.0,100.33333333333333,JT_test,0.01,0.04756
3,3,5.0,100.33333333333333,DD_test,0.1,0.44736
3,3,5.0,100.33333333333333,DD_test,0.05,0.29471
3,3,5.0,100.33333333333333,DD_test,0.01,0.08841
3,3,5.0,101.83838383838383,JT_test,0.1,0.40828
3,3,5.0,101.83838383838383,JT_test,0.05,0.22379
3,3,5.0,101.83838383838383,JT_test,0.01,0.04642
3,3,5.0,101.83838383838383,DD_test,0.1,0.44632
3,3,5.0,101.83838383838383,DD_test,0.05,0.2932
3,3,5.0,101.83838383838383,DD_test,0.01,0.08717
3,3,5.0,103.34343434343434,JT_test,0.1,0.40533
3,3,5.0,103.34343434343434,JT_test,0.05,0.22119
3,3,5.0,103.34343434343434,JT_test,0.01,0.04555
3,3,5.0,103.34343434343434,DD_test,0.1,0.44023
3,3,5.0,103.34343434343434,DD_test,0.05,0.28853
3,3,5.0,103.34343434343434,DD_test,0.01,0.08674
3,3,5.0,104.84848484848484,JT_test,0.1,0.4041
3,3,5.0,104.84848484848484,JT_test,0.05,0.22167
3,3,5.0,104.84848484848484,JT_test,0.01,0.04563
3,3,5.0,104.84848484848484,DD_test,0.1,0.43582
3,3,5.0,104.84848484848484,DD_test,0.05,0.28453
3,3,5.0,104.84848484848484,DD_test,0.01,0.08464
3,3,5.0,106.35353535353535,JT_test,0.1,0.4028
3,3,5.0,106.35353535353535,JT_test,0.05,0.22251
3,3,5.0,106.35353535353535,JT_test,0.01,0.04593
3,3,5.0,106.35353535353535,DD_test,0.1,0.43503
3,3,5.0,106.35353535353535,DD_test,0.05,0.28462
3,3,5.0,106.35353535353535,DD_test,0.01,0.08341
3,3,5.0,107.85858585858585,JT_test,0.1,0.4011
3,3,5.0,107.85858585858585,JT_test,0.05,0.21803
3,3,5.0,107.85858585858585,JT_test,0.01,0.04492
3,3,5.0,107.85858585858585,DD_test,0.1,0.4338
3,3,5.0,107.85858585858585,DD_test,0.05,0.28371
3,3,5.0,107.85858585858585,DD_test,0.01,0.08302
3,3,5.0,109.36363636363636,JT_test,0.1,0.39398
3,3,5.0,109.36363636363636,JT_test,0.05,0.21341
3,3,5.0,109.36363636363636,JT_test,0.01,0.04235
3,3,5.0,109.36363636363636,DD_test,0.1,0.42823
3,3,5.0,109.36363636363636,DD_test,0.05,0.27956
3,3,5.0,109.36363636363636,DD_test,0.01,0.08163
3,3,5.0,110.86868686868686,JT_test,0.1,0.39293
3,3,5.0,110.86868686868686,JT_test,0.05,0.21209
3,3,5.0,110.86868686868686,JT_test,0.01,0.0437
3,3,5.0,110.86868686868686,DD_test,0.1,0.42291
3,3,5.0,110.86868686868686,DD_test,0.05,0.27525
3,3,5.0,110.86868686868686,DD_test,0.01,0.08047
3,3,5.0,112.37373737373737,JT_test,0.1,0.38844
3,3,5.0,112.37373737373737,JT_test,0.05,0.20899
3,3,5.0,112.37373737373737,JT_test,0.01,0.04219
3,3,5.0,112.37373737373737,DD_test,0.1,0.42313
3,3,5.0,112.37373737373737,DD_test,0.05,0.27484
3,3,5.0,112.37373737373737,DD_test,0.01,0.08064
3,3,5.0,113.87878787878788,JT_test,0.1,0.38615
3,3,5.0,113.87878787878788,JT_test,0.05,0.20649
3,3,5.0,113.87878787878788,JT_test,0.01,0.04272
3,3,5.0,113.87878787878788,DD_test,0.1,0.41984
3,3,5.0,113.87878787878788,DD_test,0.05,0.27033
3,3,5.0,113.87878787878788,DD_test,0.01,0.07798
3,3,5.0,115.38383838383838,JT_test,0.1,0.38735
3,3,5.0,115.38383838383838,JT_test,0.05,0.2085
3,3,5.0,115.38383838383838,JT_test,0.01,0.04244
3,3,5.0,115.38383838383838,DD_test,0.1,0.41929
3,3,5.0,115.38383838383838,DD_test,0.05,0.27205
3,3,5.0,115.38383838383838,DD_test,0.01,0.07864
3,3,5.0,116.88888888888889,JT_test,0.1,0.3843
3,3,5.0,116.88888888888889,JT_test,0.05,0.20618
3,3,5.0,116.88888888888889,JT_test,0.01,0.04266
3,3,5.0,116.88888888888889,DD_test,0.1,0.41566
3,3,5.0,116.88888888888889,DD_test,0.05,0.26761
3,3,5.0,116.88888888888889,DD_test,0.01,0.07755
3,3,5.0,118.39393939393939,JT_test,0.1,0.38114
3,3,5.0,118.39393939393939,JT_test,0.05,0.20412
3,3,5.0,118.39393939393939,JT_test,0.01,0.04159
3,3,5.0,118.39393939393939,DD_test,0.1,0.4124
3,3,5.0,118.39393939393939,DD_test,0.05,0.26243
3,3,5.0,118.39393939393939,DD_test,0.01,0.0765
3,3,5.0,119.8989898989899,JT_test,0.1,0.3798
3,3,5.0,119.8989898989899,JT_test,0.05,0.2047
3,3,5.0,119.8989898989899,JT_test,0.01,0.04156
3,3,5.0,119.8989898989899,DD_test,0.1,0.41155
3,3,5.0,119.8989898989899,DD_test,0.05,0.2636
3,3,5.0,119.8989898989899,DD_test,0.01,0.07493
3,3,5.0,121.4040404040404,JT_test,0.1,0.37399
3,3,5.0,121.4040404040404,JT_test,0.05,0.19984
3,3,5.0,121.4040404040404,JT_test,0.01,0.03953
3,3,5.0,121.4040404040404,DD_test,0.1,0.40492
3,3,5.0,121.4040404040404,DD_test,0.05,0.26059
3,3,5.0,121.4040404040404,DD_test,0.01,0.0744
3,3,5.0,122.9090909090909,JT_test,0.1,0.3722
3,3,5.0,122.9090909090909,JT_test,0.05,0.19968
3,3,5.0,122.9090909090909,JT_test,0.01,0.03932
3,3,5.0,122.9090909090909,DD_test,0.1,0.40335
3,3,5.0,122.9090909090909,DD_test,0.05,0.25954
3,3,5.0,122.9090909090909,DD_test,0.01,0.07398
3,3,5.0,124.41414141414141,JT_test,0.1,0.37064
3,3,5.0,124.41414141414141,JT_test,0.05,0.19615
3,3,5.0,124.41414141414141,JT_test,0.01,0.03906
3,3,5.0,124.41414141414141,DD_test,0.1,0.40138
3,3,5.0,124.41414141414141,DD_test,0.05,0.25611
3,3,5.0,124.41414141414141,DD_test,0.01,0.0735
3,3,5.0,125.91919191919192,JT_test,0.1,0.37144
3,3,5.0,125.91919191919192,JT_test,0.05,0.19745
3,3,5.0,125.91919191919192,JT_test,0.01,0.03912
3,3,5.0,125.91919191919192,DD_test,0.1,0.39808
3,3,5.0,125.91919191919192,DD_test,0.05,0.25479
3,3,5.0,125.91919191919192,DD_test,0.01,0.07327
3,3,5.0,127.42424242424242,JT_test,0.1,0.36548
3,3,5.0,127.42424242424242,JT_test,0.05,0.1941
3,3,5.0,127.42424242424242,JT_test,0.01,0.03878
3,3,5.0,127.42424242424242,DD_test,0.1,0.39721
3,3,5.0,127.42424242424242,DD_test,0.05,0.25175
3,3,5.0,127.42424242424242,DD_test,0.01,0.07281
3,3,5.0,128.92929292929293,JT_test,0.1,0.36228
3,3,5.0,128.92929292929293,JT_test,0.05,0.19117
3,3,5.0,128.92929292929293,JT_test,0.01,0.03773
3,3,5.0,128.92929292929293,DD_test,0.1,0.39538
3,3,5.0,128.92929292929293,DD_test,0.05,0.25213
3,3,5.0,128.92929292929293,DD_test,0.01,0.071
3,3,5.0,130.43434343434342,JT_test,0.1,0.36277
3,3,5.0,130.43434343434342,JT_test,0.05,0.19098
3,3,5.0,130.43434343434342,JT_test,0.01,0.03631
3,3,5.0,130.43434343434342,DD_test,0.1,0.39241
3,3,5.0,130.43434343434342,DD_test,0.05,0.25008
3,3,5.0,130.43434343434342,DD_test,0.01,0.06978
3,3,5.0,131.93939393939394,JT_test,0.1,0.35935
3,3,5.0,131.93939393939394,JT_test,0.05,0.18878
3,3,5.0,131.93939393939394,JT_test,0.01,0.03681
3,3,5.0,131.93939393939394,DD_test,0.1,0.38798
3,3,5.0,131.93939393939394,DD_test,0.05,0.24627
3,3,5.0,131.93939393939394,DD_test,0.01,0.06912
3,3,5.0,133.44444444444443,JT_test,0.1,0.35927
3,3,5.0,133.44444444444443,JT_test,0.05,0.18992
3,3,5.0,133.44444444444443,JT_test,0.01,0.03654
3,3,5.0,133.44444444444443,DD_test,0.1,0.38747
3,3,5.0,133.44444444444443,DD_test,0.05,0.24575
3,3,5.0,133.44444444444443,DD_test,0.01,0.06833
3,3,5.0,134.94949494949495,JT_test,0.1,0.35713
3,3,5.0,134.94949494949495,JT_test,0.05,0.18706
3,3,5.0,134.94949494949495,JT_test,0.01,0.0359
3,3,5.0,134.94949494949495,DD_test,0.1,0.38602
3,3,5.0,134.94949494949495,DD_test,0.05,0.24484
3,3,5.0,134.94949494949495,DD_test,0.01,0.06777
3,3,5.0,136.45454545454544,JT_test,0.1,0.35274
3,3,5.0,136.45454545454544,JT_test,0.05,0.18453
3,3,5.0,136.45454545454544,JT_test,0.01,0.03543
3,3,5.0,136.45454545454544,DD_test,0.1,0.38244
3,3,5.0,136.45454545454544,DD_test,0.05,0.24227
3,3,5.0,136.45454545454544,DD_test,0.01,0.06758
3,3,5.0,137.95959595959596,JT_test,0.1,0.35326
3,3,5.0,137.95959595959596,JT_test,0.05,0.18683
3,3,5.0,137.95959595959596,JT_test,0.01,0.03628
3,3,5.0,137.95959595959596,DD_test,0.1,0.38169
3,3,5.0,137.95959595959596,DD_test,0.05,0.24106
3,3,5.0,137.95959595959596,DD_test,0.01,0.06815
3,3,5.0,139.46464646464645,JT_test,0.1,0.35045
3,3,5.0,139.46464646464645,JT_test,0.05,0.18408
3,3,5.0,139.46464646464645,JT_test,0.01,0.03534
3,3,5.0,139.46464646464645,DD_test,0.1,0.37695
3,3,5.0,139.46464646464645,DD_test,0.05,0.23775
3,3,5.0,139.46464646464645,DD_test,0.01,0.066
3,3,5.0,140.96969696969697,JT_test,0.1,0.35383
3,3,5.0,140.96969696969697,JT_test,0.05,0.18407
3,3,5.0,140.96969696969697,JT_test,0.01,0.03563
3,3,5.0,140.96969696969697,DD_test,0.1,0.37659
3,3,5.0,140.96969696969697,DD_test,0.05,0.23853
3,3,5.0,140.96969696969697,DD_test,0.01,0.06618
3,3,5.0,142.47474747474746,JT_test,0.1,0.3484
3,3,5.0,142.47474747474746,JT_test,0.05,0.18047
3,3,5.0,142.47474747474746,JT_test,0.01,0.03494
3,3,5.0,142.47474747474746,DD_test,0.1,0.37488
3,3,5.0,142.47474747474746,DD_test,0.05,0.23656
3,3,5.0,142.47474747474746,DD_test,0.01,0.06549
3,3,5.0,143.97979797979798,JT_test,0.1,0.34675
3,3,5.0,143.97979797979798,JT_test,0.05,0.18125
3,3,5.0,143.97979797979798,JT_test,0.01,0.03437
3,3,5.0,143.97979797979798,DD_test,0.1,0.37317
3,3,5.0,143.97979797979798,DD_test,0.05,0.23487
3,3,5.0,143.97979797979798,DD_test,0.01,0.06634
3,3,5.0,145.48484848484847,JT_test,0.1,0.3432
3,3,5.0,145.48484848484847,JT_test,0.05,0.17764
3,3,5.0,145.48484848484847,JT_test,0.01,0.03402
3,3,5.0,145.48484848484847,DD_test,0.1,0.37419
3,3,5.0,145.48484848484847,DD_test,0.05,0.23502
3,3,5.0,145.48484848484847,DD_test,0.01,0.06489
3,3,5.0,146.989898989899,JT_test,0.1,0.34467
3,3,5.0,146.989898989899,JT_test,0.05,0.17851
3,3,5.0,146.989898989899,JT_test,0.01,0.03401
3,3,5.0,146.989898989899,DD_test,0.1,0.3687
3,3,5.0,146.989898989899,DD_test,0.05,0.23292
3,3,5.0,146.989898989899,DD_test,0.01,0.06464
3,3,5.0,148.49494949494948,JT_test,0.1,0.34443
3,3,5.0,148.49494949494948,JT_test,0.05,0.18049
3,3,5.0,148.49494949494948,JT_test,0.01,0.03516
3,3,5.0,148.49494949494948,DD_test,0.1,0.36827
3,3,5.0,148.49494949494948,DD_test,0.05,0.23115
3,3,5.0,148.49494949494948,DD_test,0.01,0.06307
3,3,5.0,150.0,JT_test,0.1,0.34072
3,3,5.0,150.0,JT_test,0.05,0.17748
3,3,5.0,150.0,JT_test,0.01,0.03319
3,3,5.0,150.0,DD_test,0.1,0.36798
3,3,5.0,150.0,DD_test,0.05,0.23145
3,3,5.0,150.0,DD_test,0.01,0.06441
